name,type
20230723_115456.jpg,wfd
20230723_115509.jpg,wfd
20230723_115515.jpg,wfd
20230723_115627.jpg,wfd
20230723_115649.jpg,wfd
20230723_115712.jpg,wfd
20230723_115722.jpg,wfd
20230723_115838.jpg,wfd
20230723_115845.jpg,wfd
20230723_115856.jpg,wfd
20230723_115920.jpg,wfd
20230723_120023.jpg,wfd
20230723_120045.jpg,wfd
20230723_120100.jpg,wfd
20230723_120330.jpg,wfd
20230723_120334.jpg,wfd
20230723_120345.jpg,wfd
20230723_120353.jpg,wfd
20230723_120425.jpg,wfd
20230723_120439.jpg,wfd
20230723_120609.jpg,wfd
20230723_120618.jpg,wfd
20230723_120626.jpg,wfd
20230723_121052.jpg,wfd
20230723_121713.jpg,wfd
20230723_121818.jpg,wfd
20230723_121857.jpg,wfd
20230723_121909.jpg,wfd
20230723_121932.jpg,wfd
20230723_121938.jpg,wfd
20230723_124636.jpg,wfd
20230723_124646.jpg,wfd
20230723_124653.jpg,wfd
20230723_124852.jpg,wfd
20230723_124905.jpg,wfd
20230723_124932.jpg,wfd
20230723_124950.jpg,wfd
20230723_125057.jpg,wfd
20230723_125105.jpg,wfd
20230723_125335.jpg,wfd
20230723_125431.jpg,wfd
20230723_125441.jpg,wfd
20230723_125450.jpg,wfd
20230723_125939.jpg,wfd
20230723_125944.jpg,wfd
20230723_125952.jpg,wfd
20230723_130031.jpg,wfd
20230723_130135.jpg,wfd
20230723_130147.jpg,wfd
20230723_130233.jpg,wfd
20230723_130242.jpg,wfd
20230723_130251.jpg,wfd
20230723_130306.jpg,wfd
20230723_130443.jpg,wfd
20230723_130455.jpg,wfd
20230723_130516.jpg,wfd
20230723_130606.jpg,wfd
20230723_130619.jpg,wfd
20230723_130627.jpg,wfd
20230723_130737.jpg,wfd
20230723_143917.jpg,wfl
20230723_143925.jpg,wfl
20230723_143932.jpg,wfl
20230723_143942.jpg,wfl
20230723_143953.jpg,wfl
20230723_144204.jpg,wfl
20230723_144215.jpg,wfl
20230723_144222.jpg,wfl
20230723_144229.jpg,wfl
20230723_144243.jpg,wfl
20230723_144308.jpg,wfl
20230723_144332.jpg,wfl
20230723_144341.jpg,wfl
20230723_144349.jpg,wfl
20230723_144359.jpg,wfl
20230723_144405.jpg,wfl
20230723_144428.jpg,wfl
20230723_144443.jpg,wfl
20230723_145037.jpg,wfl
20230723_145045.jpg,wfl
20230723_145053.jpg,wfl
20230723_145125.jpg,wfl
20230723_145142.jpg,wfl
20230723_145217.jpg,wfl
20230723_145222.jpg,wfl
20230723_145231.jpg,wfl
20230723_145320.jpg,wfl
20230723_145346.jpg,wfl
20230723_145354.jpg,wfl
20230723_145402.jpg,wfl
20230723_145411.jpg,wfl
20230723_145425.jpg,wfl
20230723_145730.jpg,wfl
20230723_145820.jpg,wfl
20230723_145839.jpg,wfl
20230723_145943.jpg,wfl
20230723_145956.jpg,wfl
20230723_150026.jpg,wfl
20230723_150033.jpg,wfl
20230723_150041.jpg,wfl
20230723_150050.jpg,wfl
20230723_150100.jpg,wfl
20230723_150126.jpg,wfl
20230723_150255.jpg,wfl
20230723_150310.jpg,wfl
20230723_150322.jpg,wfl
20230723_150331.jpg,wfl
20230723_150336.jpg,wfl
20230723_150423.jpg,wfl
20230723_150429.jpg,wfl
20230723_150451.jpg,wfl
20230723_150459.jpg,wfl
20230723_151141.jpg,wfl
20230723_151200.jpg,wfl
20230723_151207.jpg,wfl
20230723_151217.jpg,wfl
20230723_151242.jpg,wfl
20230723_151430.jpg,wfl
20230723_151437.jpg,wfl
20230723_151441.jpg,wfl
20230724_155153.jpg,wfp
20230724_155200.jpg,wfp
20230724_155218.jpg,wfp
20230724_155226.jpg,wfp
20230724_155253.jpg,wfp
20230724_155809.jpg,wfp
20230724_155834.jpg,wfp
20230724_155904.jpg,wfp
20230724_155923.jpg,wfp
20230724_160431.jpg,wfp
20230724_160441.jpg,wfp
20230724_160448.jpg,wfp
20230724_160456.jpg,wfp
20230724_160513.jpg,wfp
20230724_160620.jpg,wfp
20230724_160648.jpg,wfp
20230724_160709.jpg,wfp
20230724_160740.jpg,wfp
20230724_160751.jpg,wfp
20230724_160815.jpg,wfp
20230724_160831.jpg,wfp
20230724_161507.jpg,wfp
20230724_161524.jpg,wfp
20230724_161602.jpg,wfp
20230724_161620.jpg,wfp
20230724_161706.jpg,wfp
20230724_161719.jpg,wfp
20230724_161739.jpg,wfp
20230724_162103.jpg,wfp
20230724_162305.jpg,wfp
20230724_162323.jpg,wfp
20230724_162352.jpg,wfp
20230724_162409.jpg,wfp
20230724_162424.jpg,wfp
20230724_162433.jpg,wfp
20230724_162445.jpg,wfp
20230724_162503.jpg,wfp
20230724_162546.jpg,wfp
20230724_162631.jpg,wfp
20230724_162739.jpg,wfp
20230724_162748.jpg,wfp
20230724_162819.jpg,wfp
20230724_162908.jpg,wfp
20230724_162923.jpg,wfp
20230724_162948.jpg,wfp
20230724_163029.jpg,wfp
20230724_163110.jpg,wfp
20230724_163125.jpg,wfp
20230724_163141.jpg,wfp
20230724_163222.jpg,wfp
20230724_163231.jpg,wfp
20230724_163249.jpg,wfp
20230724_163302.jpg,wfp
20230724_163424.jpg,wfp
20230724_163516.jpg,wfp
20230724_163543.jpg,wfp
20230724_163551.jpg,wfp
20230724_163618.jpg,wfp
20230724_163627.jpg,wfp
20230724_163648.jpg,wfp
20230724_164530.jpg,wfs
20230724_164544.jpg,wfs
20230724_164556.jpg,wfs
20230724_164608.jpg,wfs
20230724_164622.jpg,wfs
20230724_164643.jpg,wfs
20230724_164652.jpg,wfs
20230724_164716.jpg,wfs
20230724_164729.jpg,wfs
20230724_164802.jpg,wfs
20230724_164824.jpg,wfs
20230724_164855.jpg,wfs
20230724_164917.jpg,wfs
20230724_164944.jpg,wfs
20230724_165015.jpg,wfs
20230724_165040.jpg,wfs
20230724_165116.jpg,wfs
20230724_165142.jpg,wfs
20230724_165219.jpg,wfs
20230724_165243.jpg,wfs
20230724_165251.jpg,wfs
20230724_165302.jpg,wfs
20230724_165323.jpg,wfs
20230724_165358.jpg,wfs
20230724_165411.jpg,wfs
20230724_165440.jpg,wfs
20230724_165538.jpg,wfs
20230724_165601.jpg,wfs
20230724_165656.jpg,wfs
20230724_165715.jpg,wfs
20230724_165728.jpg,wfs
20230724_165749.jpg,wfs
20230724_165758.jpg,wfs
20230724_170125.jpg,wfs
20230724_170143.jpg,wfs
20230724_170200.jpg,wfs
20230724_170254.jpg,wfs
20230724_170320.jpg,wfs
20230724_170338.jpg,wfs
20230724_170413.jpg,wfs
20230724_170431.jpg,wfs
20230724_170458.jpg,wfs
20230724_170516.jpg,wfs
20230724_170530.jpg,wfs
20230724_170545.jpg,wfs
20230724_170605.jpg,wfs
20230724_170612.jpg,wfs
20230724_170623.jpg,wfs
20230724_170650.jpg,wfs
20230724_170702.jpg,wfs
20230724_170733.jpg,wfs
20230724_170755.jpg,wfs
20230724_170803.jpg,wfs
20230724_170832.jpg,wfs
20230724_170852.jpg,wfs
20230724_170915.jpg,wfs
20230724_170938.jpg,wfs
20230724_170957.jpg,wfs
20230724_171008.jpg,wfs
20230724_171034.jpg,wfs
20230724_150243.jpg,wsc
20230724_150258.jpg,wsc
20230724_150310.jpg,wsc
20230724_150328.jpg,wsc
20230724_150341.jpg,wsc
20230724_150527.jpg,wsc
20230724_150536.jpg,wsc
20230724_150548.jpg,wsc
20230724_150600.jpg,wsc
20230724_150619.jpg,wsc
20230724_150638.jpg,wsc
20230724_150707.jpg,wsc
20230724_150716.jpg,wsc
20230724_150907.jpg,wsc
20230724_150928.jpg,wsc
20230724_151238.jpg,wsc
20230724_151315.jpg,wsc
20230724_151335.jpg,wsc
20230724_151349.jpg,wsc
20230724_151522.jpg,wsc
20230724_152247.jpg,wsc
20230724_152311.jpg,wsc
20230724_152320.jpg,wsc
20230724_152409.jpg,wsc
20230724_152429.jpg,wsc
20230724_152503.jpg,wsc
20230724_152518.jpg,wsc
20230724_152542.jpg,wsc
20230724_152629.jpg,wsc
20230724_152706.jpg,wsc
20230724_152843.jpg,wsc
20230724_152856.jpg,wsc
20230724_153147.jpg,wsc
20230724_153203.jpg,wsc
20230724_153449.jpg,wsc
20230724_153505.jpg,wsc
20230724_153514.jpg,wsc
20230724_153530.jpg,wsc
20230724_153735.jpg,wsc
20230724_153748.jpg,wsc
20230724_153822.jpg,wsc
20230724_153835.jpg,wsc
20230724_153851.jpg,wsc
20230724_153904.jpg,wsc
20230724_153921.jpg,wsc
20230724_153934.jpg,wsc
20230724_154224.jpg,wsc
20230724_154239.jpg,wsc
20230724_154249.jpg,wsc
20230724_154305.jpg,wsc
20230724_154324.jpg,wsc
20230724_154349.jpg,wsc
20230724_154444.jpg,wsc
20230724_154454.jpg,wsc
20230724_154524.jpg,wsc
20230724_154541.jpg,wsc
20230724_154848.jpg,wsc
20230724_154919.jpg,wsc
20230724_154928.jpg,wsc
20230724_155014.jpg,wsc
20230722_191950.jpg,wsd
20230722_192004.jpg,wsd
20230722_192030.jpg,wsd
20230722_192044.jpg,wsd
20230722_192054.jpg,wsd
20230722_192126.jpg,wsd
20230722_192147.jpg,wsd
20230722_192245.jpg,wsd
20230722_192306.jpg,wsd
20230722_192318.jpg,wsd
20230722_193332.jpg,wsd
20230722_193540.jpg,wsd
20230722_193547.jpg,wsd
20230722_193614.jpg,wsd
20230722_193803.jpg,wsd
20230722_194053.jpg,wsd
20230722_194113.jpg,wsd
20230722_194131.jpg,wsd
20230722_194307.jpg,wsd
20230722_194316.jpg,wsd
20230722_194349.jpg,wsd
20230722_194435.jpg,wsd
20230722_194548.jpg,wsd
20230722_194602.jpg,wsd
20230722_194821.jpg,wsd
20230722_194908.jpg,wsd
20230722_194924.jpg,wsd
20230722_194937.jpg,wsd
20230722_194947.jpg,wsd
20230722_194959.jpg,wsd
20230723_113402.jpg,wsd
20230723_113417.jpg,wsd
20230723_113430.jpg,wsd
20230723_113536.jpg,wsd
20230723_113544.jpg,wsd
20230723_113719.jpg,wsd
20230723_113740.jpg,wsd
20230723_113917.jpg,wsd
20230723_113925.jpg,wsd
20230723_113933.jpg,wsd
20230723_114003.jpg,wsd
20230723_114225.jpg,wsd
20230723_114241.jpg,wsd
20230723_114251.jpg,wsd
20230723_114258.jpg,wsd
20230723_114309.jpg,wsd
20230723_114332.jpg,wsd
20230723_114356.jpg,wsd
20230723_114450.jpg,wsd
20230723_114510.jpg,wsd
20230723_114537.jpg,wsd
20230723_114548.jpg,wsd
20230723_114606.jpg,wsd
20230723_114620.jpg,wsd
20230723_114653.jpg,wsd
20230723_114703.jpg,wsd
20230723_114726.jpg,wsd
20230723_114759.jpg,wsd
20230723_114819.jpg,wsd
20230723_114854.jpg,wsd
20230723_220616.jpg,wss
20230723_220628.jpg,wss
20230723_220633.jpg,wss
20230723_220642.jpg,wss
20230723_220651.jpg,wss
20230723_220658.jpg,wss
20230723_220705.jpg,wss
20230723_220725.jpg,wss
20230723_220806.jpg,wss
20230723_220817.jpg,wss
20230723_220824.jpg,wss
20230723_220838.jpg,wss
20230723_220850.jpg,wss
20230723_220909.jpg,wss
20230723_220916.jpg,wss
20230723_220941.jpg,wss
20230723_220954.jpg,wss
20230723_221100.jpg,wss
20230723_221131.jpg,wss
20230723_221154.jpg,wss
20230723_221252.jpg,wss
20230724_110157.jpg,wss
20230724_110205.jpg,wss
20230724_110413.jpg,wss
20230724_111840.jpg,wss
20230724_111900.jpg,wss
20230724_111911.jpg,wss
20230724_111946.jpg,wss
20230724_112006.jpg,wss
20230724_112020.jpg,wss
20230724_112030.jpg,wss
20230724_112056.jpg,wss
20230724_112107.jpg,wss
20230724_112119.jpg,wss
20230724_112128.jpg,wss
20230724_112150.jpg,wss
20230724_112354.jpg,wss
20230724_112424.jpg,wss
20230724_112518.jpg,wss
20230724_112529.jpg,wss
20230724_112608.jpg,wss
20230724_112634.jpg,wss
20230724_112856.jpg,wss
20230724_112921.jpg,wss
20230724_113207.jpg,wss
20230724_113319.jpg,wss
20230724_113411.jpg,wss
20230724_113716.jpg,wss
20230724_113743.jpg,wss
20230724_113825.jpg,wss
20230724_113836.jpg,wss
20230724_113927.jpg,wss
20230724_114000.jpg,wss
20230724_114009.jpg,wss
20230724_114036.jpg,wss
20230724_114103.jpg,wss
20230724_114129.jpg,wss
20230724_195054.jpg,wss
20230724_195107.jpg,wss
20230724_195115.jpg,wss
20230723_131212.jpg,yfd
20230723_131219.jpg,yfd
20230723_131231.jpg,yfd
20230723_131250.jpg,yfd
20230723_131256.jpg,yfd
20230723_131315.jpg,yfd
20230723_131324.jpg,yfd
20230723_131336.jpg,yfd
20230723_131346.jpg,yfd
20230723_131405.jpg,yfd
20230723_131421.jpg,yfd
20230723_131433.jpg,yfd
20230723_131717.jpg,yfd
20230723_132242.jpg,yfd
20230723_132401.jpg,yfd
20230723_132412.jpg,yfd
20230723_132443.jpg,yfd
20230723_132455.jpg,yfd
20230723_132922.jpg,yfd
20230723_132928.jpg,yfd
20230723_132934.jpg,yfd
20230723_132957.jpg,yfd
20230723_133014.jpg,yfd
20230723_133045.jpg,yfd
20230723_133055.jpg,yfd
20230723_133108.jpg,yfd
20230723_133143.jpg,yfd
20230723_133204.jpg,yfd
20230723_133214.jpg,yfd
20230723_133222.jpg,yfd
20230723_135200.jpg,yfd
20230723_135209.jpg,yfd
20230723_135227.jpg,yfd
20230723_135332.jpg,yfd
20230723_135355.jpg,yfd
20230723_135458.jpg,yfd
20230723_135507.jpg,yfd
20230723_135541.jpg,yfd
20230723_135620.jpg,yfd
20230723_135625.jpg,yfd
20230723_135642.jpg,yfd
20230723_135650.jpg,yfd
20230723_135658.jpg,yfd
20230723_135729.jpg,yfd
20230723_135737.jpg,yfd
20230723_140359.jpg,yfd
20230723_140428.jpg,yfd
20230723_140500.jpg,yfd
20230723_140545.jpg,yfd
20230723_140553.jpg,yfd
20230723_140622.jpg,yfd
20230723_140641.jpg,yfd
20230723_140648.jpg,yfd
20230723_140701.jpg,yfd
20230723_140722.jpg,yfd
20230723_140729.jpg,yfd
20230723_140738.jpg,yfd
20230723_140803.jpg,yfd
20230723_140810.jpg,yfd
20230723_140814.jpg,yfd
